18101,18201,18301,18401,18501,19101,19201,19301,19401,19501,20101,20201,20301,20401,20501,21101,21201,21301,21401,21501
18102,18202,18302,18402,18502,19102,19202,19302,19402,19502,20102,20202,20302,20402,20502,21102,21202,21302,21402,21502
18103,18203,18303,18403,18503,19103,19203,19303,19403,19503,20103,20203,20303,20403,20503,21103,21203,21303,21403,21503
18104,18204,18304,18404,18504,19104,19204,19304,19404,19504,20104,20204,20304,20404,20504,21104,21204,21304,21404,21504
18105,18205,18305,18405,18505,19105,19205,19305,19405,19505,20105,20205,20305,20405,20505,21105,21205,21305,21405,21505
18106,18206,18306,18406,18506,19106,19206,19306,19406,19506,20106,20206,20306,20406,20506,21106,21206,21306,21406,21506
18107,18207,18307,18407,18507,19107,19207,19307,19407,19507,20107,20207,20307,20407,20507,21107,21207,21307,21407,21507
18108,18208,18308,18408,18508,19108,19208,19308,19408,19508,20108,20208,20308,20408,20508,21108,21208,21308,21408,21508
18109,18209,18309,18409,18509,19109,19209,19309,19409,19509,20109,20209,20309,20409,20509,21109,21209,21309,21409,21509
18110,18210,18310,18410,18510,19110,19210,19310,19410,19510,20110,20210,20310,20410,20510,21110,21210,21310,21410,21510
18111,18211,18311,18411,18511,19111,19211,19311,19411,19511,20111,20211,20311,20411,20511,21111,21211,21311,21411,21511
18112,18212,18312,18412,18512,19112,19212,19312,19412,19512,20112,20212,20312,20412,20512,21112,21212,21312,21412,21512
18113,18213,18313,18413,18513,19113,19213,19313,19413,19513,20113,20213,20313,20413,20513,21113,21213,21313,21413,21513
18114,18214,18314,18414,18514,19114,19214,19314,19414,19514,20114,20214,20314,20414,20514,21114,21214,21314,21414,21514
18115,18215,18315,18415,18515,19115,19215,19315,19415,19515,20115,20215,20315,20415,20515,21115,21215,21315,21415,21515
18116,18216,18316,18416,18516,19116,19216,19316,19416,19516,20116,20216,20316,20416,20516,21116,21216,21316,21416,21516
18117,18217,18317,18417,18517,19117,19217,19317,19417,19517,20117,20217,20317,20417,20517,21117,21217,21317,21417,21517
18118,18218,18318,18418,18518,19118,19218,19318,19418,19518,20118,20218,20318,20418,20518,21118,21218,21318,21418,21518
18119,18219,18319,18419,18519,19119,19219,19319,19419,19519,20119,20219,20319,20419,20519,21119,21219,21319,21419,21519
18120,18220,18320,18420,18520,19120,19220,19320,19420,19520,20120,20220,20320,20420,20520,21120,21220,21320,21420,21520
18121,18221,18321,18421,18521,19121,19221,19321,19421,19521,20121,20221,20321,20421,20521,21121,21221,21321,21421,21521
18122,18222,18322,18422,18522,19122,19222,19322,19422,19522,20122,20222,20322,20422,20522,21122,21222,21322,21422,21522
18123,18223,18323,18423,18523,19123,19223,19323,19423,19523,20123,20223,20323,20423,20523,21123,21223,21323,21423,21523
18124,18224,18324,18424,18524,19124,19224,19324,19424,19524,20124,20224,20324,20424,20524,21124,21224,21324,21424,21524
18125,18225,18325,18425,18525,19125,19225,19325,19425,19525,20125,20225,20325,20425,20525,21125,21225,21325,21425,21525
18126,18226,18326,18426,18526,19126,19226,19326,19426,19526,20126,20226,20326,20426,20526,21126,21226,21326,21426,21526
18127,18227,18327,18427,18527,19127,19227,19327,19427,19527,20127,20227,20327,20427,20527,21127,21227,21327,21427,21527
18128,18228,18328,18428,18528,19128,19228,19328,19428,19528,20128,20228,20328,20428,20528,21128,21228,21328,21428,21528
18129,18229,18329,18429,18529,19129,19229,19329,19429,19529,20129,20229,20329,20429,20529,21129,21229,21329,21429,21529
18130,18230,18330,18430,18530,19130,19230,19330,19430,19530,20130,20230,20330,20430,20530,21130,21230,21330,21430,21530
18131,18231,18331,18431,18531,19131,19231,19331,19431,19531,20131,20231,20331,20431,20531,21131,21231,21331,21431,21531
18132,18232,18332,18432,18532,19132,19232,19332,19432,19532,20132,20232,20332,20432,20532,21132,21232,21332,21432,21532
18133,18233,18333,18433,18533,19133,19233,19333,19433,19533,20133,20233,20333,20433,20533,21133,21233,21333,21433,21533
18134,18234,18334,18434,18534,19134,19234,19334,19434,19534,20134,20234,20334,20434,20534,21134,21234,21334,21434,21534
18135,18235,18335,18435,18535,19135,19235,19335,19435,19535,20135,20235,20335,20435,20535,21135,21235,21335,21435,21535
18136,18236,18336,18436,18536,19136,19236,19336,19436,19536,20136,20236,20336,20436,20536,21136,21236,21336,21436,21536
18137,18237,18337,18437,18537,19137,19237,19337,19437,19537,20137,20237,20337,20437,20537,21137,21237,21337,21437,21537
18138,18238,18338,18438,18538,19138,19238,19338,19438,19538,20138,20238,20338,20438,20538,21138,21238,21338,21438,21538
18139,18239,18339,18439,18539,19139,19239,19339,19439,19539,20139,20239,20339,20439,20539,21139,21239,21339,21439,21539
18140,18240,18340,18440,18540,19140,19240,19340,19440,19540,20140,20240,20340,20440,20540,21140,21240,21340,21440,21540
22001,,,,,,,,,,,,,,,,,,,
22002,,,,,,,,,,,,,,,,,,,
22003,,,,,,,,,,,,,,,,,,,
22004,,,,,,,,,,,,,,,,,,,
22005,,,,,,,,,,,,,,,,,,,
22006,,,,,,,,,,,,,,,,,,,
22007,,,,,,,,,,,,,,,,,,,
22008,,,,,,,,,,,,,,,,,,,
22009,,,,,,,,,,,,,,,,,,,
22010,,,,,,,,,,,,,,,,,,,
22011,,,,,,,,,,,,,,,,,,,
22012,,,,,,,,,,,,,,,,,,,
22013,,,,,,,,,,,,,,,,,,,
22014,,,,,,,,,,,,,,,,,,,
22015,,,,,,,,,,,,,,,,,,,
22016,,,,,,,,,,,,,,,,,,,
22017,,,,,,,,,,,,,,,,,,,
22018,,,,,,,,,,,,,,,,,,,
22019,,,,,,,,,,,,,,,,,,,
22020,,,,,,,,,,,,,,,,,,,
22021,,,,,,,,,,,,,,,,,,,
22022,,,,,,,,,,,,,,,,,,,
22023,,,,,,,,,,,,,,,,,,,
22024,,,,,,,,,,,,,,,,,,,
22025,,,,,,,,,,,,,,,,,,,
22026,,,,,,,,,,,,,,,,,,,
22027,,,,,,,,,,,,,,,,,,,
22028,,,,,,,,,,,,,,,,,,,
22029,,,,,,,,,,,,,,,,,,,
22030,,,,,,,,,,,,,,,,,,,
22031,,,,,,,,,,,,,,,,,,,
22032,,,,,,,,,,,,,,,,,,,
22033,,,,,,,,,,,,,,,,,,,
22034,,,,,,,,,,,,,,,,,,,
22035,,,,,,,,,,,,,,,,,,,
22036,,,,,,,,,,,,,,,,,,,
22037,,,,,,,,,,,,,,,,,,,
22038,,,,,,,,,,,,,,,,,,,
22039,,,,,,,,,,,,,,,,,,,
22040,,,,,,,,,,,,,,,,,,,
22041,,,,,,,,,,,,,,,,,,,
22042,,,,,,,,,,,,,,,,,,,
22043,,,,,,,,,,,,,,,,,,,
22044,,,,,,,,,,,,,,,,,,,
22045,,,,,,,,,,,,,,,,,,,
22046,,,,,,,,,,,,,,,,,,,
22047,,,,,,,,,,,,,,,,,,,
22048,,,,,,,,,,,,,,,,,,,
22049,,,,,,,,,,,,,,,,,,,
22050,,,,,,,,,,,,,,,,,,,
22051,,,,,,,,,,,,,,,,,,,
22052,,,,,,,,,,,,,,,,,,,
22053,,,,,,,,,,,,,,,,,,,
22054,,,,,,,,,,,,,,,,,,,
22055,,,,,,,,,,,,,,,,,,,
22056,,,,,,,,,,,,,,,,,,,
22057,,,,,,,,,,,,,,,,,,,
22058,,,,,,,,,,,,,,,,,,,
22059,,,,,,,,,,,,,,,,,,,
22060,,,,,,,,,,,,,,,,,,,
22061,,,,,,,,,,,,,,,,,,,
22062,,,,,,,,,,,,,,,,,,,
22063,,,,,,,,,,,,,,,,,,,
22064,,,,,,,,,,,,,,,,,,,
22065,,,,,,,,,,,,,,,,,,,
22066,,,,,,,,,,,,,,,,,,,
22067,,,,,,,,,,,,,,,,,,,
22068,,,,,,,,,,,,,,,,,,,
22069,,,,,,,,,,,,,,,,,,,
22070,,,,,,,,,,,,,,,,,,,
22071,,,,,,,,,,,,,,,,,,,
22072,,,,,,,,,,,,,,,,,,,
22073,,,,,,,,,,,,,,,,,,,
22074,,,,,,,,,,,,,,,,,,,
22075,,,,,,,,,,,,,,,,,,,
22076,,,,,,,,,,,,,,,,,,,
22077,,,,,,,,,,,,,,,,,,,
22078,,,,,,,,,,,,,,,,,,,
22079,,,,,,,,,,,,,,,,,,,
22080,,,,,,,,,,,,,,,,,,,
22081,,,,,,,,,,,,,,,,,,,
22082,,,,,,,,,,,,,,,,,,,
22083,,,,,,,,,,,,,,,,,,,
22084,,,,,,,,,,,,,,,,,,,
22085,,,,,,,,,,,,,,,,,,,
22086,,,,,,,,,,,,,,,,,,,
22087,,,,,,,,,,,,,,,,,,,
22088,,,,,,,,,,,,,,,,,,,
22089,,,,,,,,,,,,,,,,,,,
22090,,,,,,,,,,,,,,,,,,,
22091,,,,,,,,,,,,,,,,,,,
22092,,,,,,,,,,,,,,,,,,,
22093,,,,,,,,,,,,,,,,,,,
22094,,,,,,,,,,,,,,,,,,,
22095,,,,,,,,,,,,,,,,,,,
22096,,,,,,,,,,,,,,,,,,,
22097,,,,,,,,,,,,,,,,,,,
22098,,,,,,,,,,,,,,,,,,,
22099,,,,,,,,,,,,,,,,,,,
22100,,,,,,,,,,,,,,,,,,,
22101,,,,,,,,,,,,,,,,,,,
22102,,,,,,,,,,,,,,,,,,,
22103,,,,,,,,,,,,,,,,,,,
22104,,,,,,,,,,,,,,,,,,,
22105,,,,,,,,,,,,,,,,,,,
22106,,,,,,,,,,,,,,,,,,,
22107,,,,,,,,,,,,,,,,,,,
22108,,,,,,,,,,,,,,,,,,,
22109,,,,,,,,,,,,,,,,,,,
22110,,,,,,,,,,,,,,,,,,,
22111,,,,,,,,,,,,,,,,,,,
22112,,,,,,,,,,,,,,,,,,,
22113,,,,,,,,,,,,,,,,,,,
22114,,,,,,,,,,,,,,,,,,,
22115,,,,,,,,,,,,,,,,,,,
22116,,,,,,,,,,,,,,,,,,,
22117,,,,,,,,,,,,,,,,,,,
22118,,,,,,,,,,,,,,,,,,,
22119,,,,,,,,,,,,,,,,,,,
22120,,,,,,,,,,,,,,,,,,,
22121,,,,,,,,,,,,,,,,,,,
22122,,,,,,,,,,,,,,,,,,,
22123,,,,,,,,,,,,,,,,,,,
22124,,,,,,,,,,,,,,,,,,,
22125,,,,,,,,,,,,,,,,,,,
22126,,,,,,,,,,,,,,,,,,,
22127,,,,,,,,,,,,,,,,,,,
22128,,,,,,,,,,,,,,,,,,,
22129,,,,,,,,,,,,,,,,,,,
22130,,,,,,,,,,,,,,,,,,,
22131,,,,,,,,,,,,,,,,,,,
22132,,,,,,,,,,,,,,,,,,,
22133,,,,,,,,,,,,,,,,,,,
22134,,,,,,,,,,,,,,,,,,,
22135,,,,,,,,,,,,,,,,,,,
22136,,,,,,,,,,,,,,,,,,,
22137,,,,,,,,,,,,,,,,,,,
22138,,,,,,,,,,,,,,,,,,,
22139,,,,,,,,,,,,,,,,,,,
22140,,,,,,,,,,,,,,,,,,,
22141,,,,,,,,,,,,,,,,,,,
22142,,,,,,,,,,,,,,,,,,,
22143,,,,,,,,,,,,,,,,,,,
22144,,,,,,,,,,,,,,,,,,,
22145,,,,,,,,,,,,,,,,,,,
22146,,,,,,,,,,,,,,,,,,,
22147,,,,,,,,,,,,,,,,,,,
22148,,,,,,,,,,,,,,,,,,,
22149,,,,,,,,,,,,,,,,,,,
22150,,,,,,,,,,,,,,,,,,,
22151,,,,,,,,,,,,,,,,,,,
22152,,,,,,,,,,,,,,,,,,,
22153,,,,,,,,,,,,,,,,,,,
22154,,,,,,,,,,,,,,,,,,,
22155,,,,,,,,,,,,,,,,,,,
22156,,,,,,,,,,,,,,,,,,,
22157,,,,,,,,,,,,,,,,,,,
22158,,,,,,,,,,,,,,,,,,,
22159,,,,,,,,,,,,,,,,,,,
22160,,,,,,,,,,,,,,,,,,,
22161,,,,,,,,,,,,,,,,,,,
22162,,,,,,,,,,,,,,,,,,,
22163,,,,,,,,,,,,,,,,,,,
22164,,,,,,,,,,,,,,,,,,,
22165,,,,,,,,,,,,,,,,,,,
22166,,,,,,,,,,,,,,,,,,,
22167,,,,,,,,,,,,,,,,,,,
22168,,,,,,,,,,,,,,,,,,,
22169,,,,,,,,,,,,,,,,,,,
22170,,,,,,,,,,,,,,,,,,,
22171,,,,,,,,,,,,,,,,,,,
22172,,,,,,,,,,,,,,,,,,,
22173,,,,,,,,,,,,,,,,,,,
22174,,,,,,,,,,,,,,,,,,,
22175,,,,,,,,,,,,,,,,,,,
22176,,,,,,,,,,,,,,,,,,,
22177,,,,,,,,,,,,,,,,,,,
22178,,,,,,,,,,,,,,,,,,,
22179,,,,,,,,,,,,,,,,,,,
22180,,,,,,,,,,,,,,,,,,,
22181,,,,,,,,,,,,,,,,,,,
22182,,,,,,,,,,,,,,,,,,,
22183,,,,,,,,,,,,,,,,,,,
22184,,,,,,,,,,,,,,,,,,,
22185,,,,,,,,,,,,,,,,,,,
22186,,,,,,,,,,,,,,,,,,,
22187,,,,,,,,,,,,,,,,,,,
22188,,,,,,,,,,,,,,,,,,,
22189,,,,,,,,,,,,,,,,,,,
22190,,,,,,,,,,,,,,,,,,,
22191,,,,,,,,,,,,,,,,,,,
22192,,,,,,,,,,,,,,,,,,,
22193,,,,,,,,,,,,,,,,,,,
22194,,,,,,,,,,,,,,,,,,,
22195,,,,,,,,,,,,,,,,,,,
22196,,,,,,,,,,,,,,,,,,,
22197,,,,,,,,,,,,,,,,,,,
22198,,,,,,,,,,,,,,,,,,,
22199,,,,,,,,,,,,,,,,,,,
22200,,,,,,,,,,,,,,,,,,,
